BF1;attB_Bxb1;TCGGCCGGCTTGTCGACGACGGCGGTCTCCGTCGTCAGGATCATCCGGGC
BF2;attB_Tp901;ATGCCAACACAATTAACATCTCAATCAAGGTAAATGCTTTTTGCTTTTTTTGC
BF3;attB_Int5;GAGCGCCGGATCAGGGAGTGGACGGCCTGGGAGCGCTACACGCTGTGGCTGCGGTCGGTGC
BF4;attB_Int7;AGACGAGAAACGTTCCGTCCGTCTGGGTCAGTTGGGCAAAGTTGATGACCGGGTCGTCCGTT
BF5;attB_Int4;TTCCAAAGAGCGCCCAACGCGACCTGAAATTTGAATAAGACTGCTGCTTGTGTAAAGGCGATGATT
BF6;attB_Int3;GTTTGTAAAGGAGACTGATAATGGCATGTACAACTATACTCGTCGGTAAAAAGGCATCTTAT
PF1;attP_Bxb1;TCGTGGTTTGTCTGGTCAACCACCGCGGTCTCAGTGGTGTACGGTACAAACCC
PF2;attP_Tp901;GCGAGTTTTTATTTCGTTTATTTCAATTAAGGTAACTAAAAAACTCCTTT
PF3;attP_Int5;CCCTAATACGCAAGTCGATAACTCTCCTGGGAGCGTTGACAACTTGCGCACCCTGATCTG
PF4;attP_Int7;GTGTTATAAACCTGTGTGAGAGTTAAGTTTACATGCCTAACCTTAACTTTTACGCAGGTTCAGCTT
PF5;attP_Int4;CAAAAATTACAAAGTTTTCAACCCTTGATTTGAATTAGCGGTCAAATAATTTGTAATTCGTTT
PF6;attP_Int3;ATGGATAAAAAAATACAGCGTTTTTCATGTACAACTATACTAGTTGTAGTGCCTAAATAATGCTT
Prom;Pveg;aattttgtcaaaataattttattgacaacgtcttattaacgttgataccggttaaattttatttgacaaaaatgggctcgtgttgtacaataaatgt
RiboJ;RiboJ;AGCTGTCACCGGATGTGCTTTCCGGTCTGATGAGTCCGTGAGGACGAAACAGCCTCTACAAATAATTTTGTTTAA
RBS;R0;GATTAACTAATAAGGAGGACAAAC
GOI1;sfGFP(sp);ATGTCAAAAGGAGAAGAACTTTTTACAGGTGTAGTACCTATCTTGGTTGAATTGGATGGTGATGTTAACGGTCACAAATTTTCTGTACGTGGTGAAGGTGAAGGTGATGCAACTAACGGTAAATTGACACTTAAATTCATTTGTACAACTGGAAAACTTCCTGTTCCTTGGCCTACTCTTGTTACAACATTGACATATGGAGTACAATGTTTTTCACGTTATCCTGATCATATGAAACGTCACGATTTTTTTAAATCTGCTATGCCAGAAGGTTATGTACAAGAACGTACAATTTCATTTAAAGATGACGGAACATATAAAACACGTGCTGAAGTAAAATTCGAAGGTGACACTCTTGTTAATCGTATCGAATTGAAAGGAATCGATTTCAAAGAAGATGGTAACATTTTGGGACACAAACTTGAATACAACTTCAACTCTCATAATGTTTATATCACAGCTGACAAACAAAAAAACGGTATTAAAGCTAATTTTAAAATTCGTCACAATGTTGAAGATGGATCTGTTCAATTGGCTGATCATTATCAACAAAATACACCAATCGGAGACGGACCAGTATTGCTTCCAGATAACCACTACCTTTCTACTCAATCAGTTCTTTCAAAAGATCCTAACGAAAAACGTGACCATATGGTACTTCTTGAATTTGTTACAGCAGCAGGTATCACTCACGGTATGGACGAACTTTATAAATAA
GOI2;BFP(ecoli);ATGAGCGAGCTGATTAAGGAGAACATGCACATGAAGCTGTACATGGAGGGCACCGTGGACAACCATCACTTCAAGTGCACATCCGAGGGCGAAGGCAAGCCCTACGAGGGCACCCAGACCATGAGAATCAAGGTGGTCGAGGGCGGCCCTCTCCCCTTCGCCTTCGACATCCTGGCTACTAGCTTCCTCTACGGCAGCAAGACCTTCATCAACCACACCCAGGGCATCCCCGACTTCTTCAAGCAGTCCTTCCCTGAGGGCTTCACATGGGAGAGAGTCACCACATACGAAGACGGGGGCGTGCTGACCGCTACCCAGGACACCAGCCTCCAGGACGGCTGCCTCATCTACAACGTCAAGATCAGAGGGGTGAACTTCACATCCAACGGCCCTGTGATGCAGAAGAAAACACTCGGCTGGGAGGCCTTCACCGAGACGCTGTACCCCGCTGACGGCGGCCTGGAAGGCAGAAACGACATGGCCCTGAAGCTCGTGGGCGGGAGCCATCTGATCGCAAACATCAAGACCACATATAGATCCAAGAAACCCGCTAAGAACCTCAAGATGCCTGGCGTCTACTATGTGGACTACAGACTGGAAAGAATCAAGGAGGCCAACAACGAGACCTACGTCGAGCAGCACGAGGTGGCAGTGGCCAGATACTGCGACCTCCCTAGCAAACTGGGGCACTAA
GOI3;mKate2(bs);ATGTCAGAACTAATCAAAGAGAATATGCACATGAAGCTGTACATGGAAGGAACGGTAAACAATCATCATTTCAAATGTACAAGCGAGGGTGAGGGGAAGCCTTATGAAGGGACACAAACCATGCGGATTAAAGCAGTCGAGGGCGGACCCCTTCCGTTTGCCTTCGATATCTTGGCTACGAGCTTTATGTATGGGTCGAAAACATTTATCAATCACACGCAGGGGATTCCAGACTTTTTCAAACAAAGTTTTCCGGAAGGCTTTACGTGGGAACGTGTGACCACGTATGAAGATGGCGGCGTCTTAACAGCTACACAAGATACATCTTTACAAGACGGATGCTTGATATACAACGTTAAGATTCGCGGTGTTAACTTTCCGTCAAACGGACCTGTTATGCAGAAGAAAACCCTGGGCTGGGAAGCGTCAACAGAAACACTCTATCCAGCCGACGGTGGACTTGAGGGCCGTGCCGATATGGCTCTTAAACTCGTGGGCGGTGGCCATCTGATTTGCAATCTTAAAACTACTTATCGGTCCAAAAAGCCGGCGAAGAATTTGAAAATGCCTGGAGTATACTACGTTGATAGACGATTAGAAAGGATTAAAGAAGCAGACAAAGAAACTTATGTAGAGCAGCATGAAGTCGCAGTGGCGAGATATTGTGATTTACCGTCTAAACTGGGACATCGCTAA
GOI4;LacZ(ecoli);ATGACCATGATTACGGATTCACTGGCCGTCGTTTTACAACGTCGTGACTGGGAAAACCCTGGCGTTACCCAACTTAATCGCCTTGCAGCACATCCCCCTTTCGCCAGCTGGCGTAATAGCGAAGAGGCCCGCACCGATCGCCCTTCCCAACAGTTGCGCAGCCTGAATGGCGAATGGCGCTTTGCCTGGTTTCCGGCACCAGAAGCGGTGCCGGAAAGCTGGCTGGAGTGA
sp0;sp0;CTCGGATACCCTTACTCTGTTGAAAACGAATAGATAGGTT
sp4;sp4;AGGCAACTGAAACGATTCGGATCCTGTATTACTATTCTTA
sp5;sp5;ACTTTATCTGAGAATAGTCAATCTTCGGAAATCCCAGGTG
sp6;sp6;CCGTCTCAGAATCGGCCGTGAACAATAAAATAGTTTCGGT
sp7;sp7;TAATAAAAGGTCCCGTCTGAACTTACTGTGAATTCGACTA
spN;spN;ATTATTGACCACTTCCGAGTAGAATCGTGCTTCAGTAAGA
T1;ECK120033737;GGAAACACAGAAAAAAGCCCGCACCTGACAGTGCGGGCTTTTTTTTTCGACCAAAGG
T2;B0015;ccaggcatcaaataaaacgaaaggctcagtcgaaagactgggcctttcgttttatctgttgtttgtcggtgaacgctctctactagagtcacactggctcaccttcgggtgggcctttctgcgtttata
T3;L3S2P21;CTCGGTACCAAATTCCAGAAAAGAGGCCTCCCGAAAGGGGGGCCTTTTTTCGTTTTGGTCC
T4;L3S3P21;CCAATTATTGAAGGCCTCCCTAACGGGGGGCCTTTTTTTGTTTCTGGTCTCCC
T5;L3S2P11;CTCGGTACCAAATTCCAGAAAAGAGACGCTTTCGAGCGTCTTTTTTCGTTTTGGTCC
T6;L3S3P22;CCAATTATTGAAGGCCGCTAACGCGGCCTTTTTTTGTTTCTGGTCTCCC
Tend;L3S3P00;CCAATTATTGAAGGGGAGCGGGAAACCGCTCCCCTTTTTTTGTTTCTGGTCTCCC
